"행정구역별(읍면동)","연령별",2020,2020,2020
"행정구역별(읍면동)","연령별",총인구(명),총인구_남자(명),총인구_여자(명)
"서울특별시","10~14세",353042,181711,171331
"서울특별시","15~19세",408748,206091,202657
"서울특별시","20~24세",664188,308209,355979
"서울특별시","25~29세",835286,406953,428333
"종로구","10~14세",4721,2387,2334
"종로구","15~19세",7656,3830,3826
"종로구","20~24세",14111,6221,7890
"종로구","25~29세",13997,7205,6792
"중구","10~14세",2879,1454,1425
"중구","15~19세",4450,2017,2433
"중구","20~24세",10206,4591,5615
"중구","25~29세",12010,5887,6123
"용산구","10~14세",6878,3452,3426
"용산구","15~19세",8206,4000,4206
"용산구","20~24세",14687,6537,8150
"용산구","25~29세",20386,9813,10573
"성동구","10~14세",8590,4361,4229
"성동구","15~19세",10975,5298,5677
"성동구","20~24세",22060,10507,11553
"성동구","25~29세",26285,13256,13029
"광진구","10~14세",11712,6018,5694
"광진구","15~19세",14378,7110,7268
"광진구","20~24세",30082,13319,16763
"광진구","25~29세",38125,18190,19935
"동대문구","10~14세",10546,5431,5115
"동대문구","15~19세",14063,6734,7329
"동대문구","20~24세",34386,15148,19238
"동대문구","25~29세",33298,17319,15979
"중랑구","10~14세",11931,6148,5783
"중랑구","15~19세",14091,7168,6923
"중랑구","20~24세",23529,11597,11932
"중랑구","25~29세",32150,15776,16374
"성북구","10~14세",16554,8479,8075
"성북구","15~19세",22076,10659,11417
"성북구","20~24세",39422,16954,22468
"성북구","25~29세",36491,18366,18125
"강북구","10~14세",9661,4980,4681
"강북구","15~19세",11706,5935,5771
"강북구","20~24세",19784,9049,10735
"강북구","25~29세",23008,11532,11476
"도봉구","10~14세",11180,5785,5395
"도봉구","15~19세",13524,6878,6646
"도봉구","20~24세",20421,9971,10450
"도봉구","25~29세",22480,11478,11002
"노원구","10~14세",23468,12191,11277
"노원구","15~19세",28771,14656,14115
"노원구","20~24세",39207,19351,19856
"노원구","25~29세",34986,18155,16831
"은평구","10~14세",17328,8909,8419
"은평구","15~19세",20084,10136,9948
"은평구","20~24세",28322,13676,14646
"은평구","25~29세",36117,17129,18988
"서대문구","10~14세",10421,5273,5148
"서대문구","15~19세",14203,6541,7662
"서대문구","20~24세",29899,11951,17948
"서대문구","25~29세",30045,14435,15610
"마포구","10~14세",12891,6521,6370
"마포구","15~19세",14435,7098,7337
"마포구","20~24세",28241,12010,16231
"마포구","25~29세",36762,16635,20127
"양천구","10~14세",23778,12418,11360
"양천구","15~19세",24745,12815,11930
"양천구","20~24세",26991,13859,13132
"양천구","25~29세",29635,14761,14874
"강서구","10~14세",20330,10415,9915
"강서구","15~19세",22213,11186,11027
"강서구","20~24세",32286,15113,17173
"강서구","25~29세",51403,23360,28043
"구로구","10~14세",14396,7349,7047
"구로구","15~19세",15441,8181,7260
"구로구","20~24세",23454,11435,12019
"구로구","25~29세",33270,16259,17011
"금천구","10~14세",6632,3354,3278
"금천구","15~19세",7947,3962,3985
"금천구","20~24세",14256,6861,7395
"금천구","25~29세",23442,12043,11399
"영등포구","10~14세",11015,5722,5293
"영등포구","15~19세",12319,6438,5881
"영등포구","20~24세",21506,9943,11563
"영등포구","25~29세",37810,17791,20019
"동작구","10~14세",12375,6417,5958
"동작구","15~19세",15505,7869,7636
"동작구","20~24세",31594,14410,17184
"동작구","25~29세",39650,19576,20074
"관악구","10~14세",12182,6270,5912
"관악구","15~19세",16436,8349,8087
"관악구","20~24세",41671,18465,23206
"관악구","25~29세",71807,36490,35317
"서초구","10~14세",21165,10775,10390
"서초구","15~19세",20573,10347,10226
"서초구","20~24세",23963,11404,12559
"서초구","25~29세",28266,13295,14971
"강남구","10~14세",26731,13993,12738
"강남구","15~19세",27691,14399,13292
"강남구","20~24세",30707,14808,15899
"강남구","25~29세",38582,17970,20612
"송파구","10~14세",27216,13833,13383
"송파구","15~19세",28457,14598,13859
"송파구","20~24세",38406,18478,19928
"송파구","25~29세",51667,24002,27665
"강동구","10~14세",18462,9776,8686
"강동구","15~19세",18803,9887,8916
"강동구","20~24세",24997,12551,12446
"강동구","25~29세",33614,16230,17384
"읍부","10~14세",8086,4206,3880
"읍부","15~19세",6938,3664,3274
"읍부","20~24세",6360,3349,3011
"읍부","25~29세",7274,3921,3353
"면부","10~14세",920,453,467
"면부","15~19세",796,452,344
"면부","20~24세",1195,705,490
"면부","25~29세",1497,794,703
"동부","10~14세",117181,60363,56818
"동부","15~19세",136465,70777,65688
"동부","20~24세",210492,108488,102004
"동부","25~29세",218072,115073,102999
"중구","10~14세",822,412,410
"중구","15~19세",1195,592,603
"중구","20~24세",2663,1227,1436
"중구","25~29세",3434,1817,1617
"서구","10~14세",3190,1609,1581
"서구","15~19세",4039,1989,2050
"서구","20~24세",7156,3419,3737
"서구","25~29세",7004,3651,3353
"동구","10~14세",2175,1087,1088
"동구","15~19세",2893,1533,1360
"동구","20~24세",4476,2254,2222
"동구","25~29세",6035,3020,3015
"영도구","10~14세",3210,1653,1557
"영도구","15~19세",5018,2823,2195
"영도구","20~24세",8200,4786,3414
"영도구","25~29세",6369,3678,2691
"부산진구","10~14세",11285,5727,5558
"부산진구","15~19세",14658,7321,7337
"부산진구","20~24세",24856,11806,13050
"부산진구","25~29세",28508,14055,14453
"동래구","10~14세",11868,6193,5675
"동래구","15~19세",11859,6244,5615
"동래구","20~24세",14937,7869,7068
"동래구","25~29세",16142,8408,7734
"남구","10~14세",10765,5572,5193
"남구","15~19세",12642,6528,6114
"남구","20~24세",22704,11584,11120
"남구","25~29세",18027,9816,8211
"북구","10~14세",10542,5455,5087
"북구","15~19세",12120,6345,5775
"북구","20~24세",18290,9972,8318
"북구","25~29세",19538,10525,9013
"해운대구","10~14세",17569,9035,8534
"해운대구","15~19세",19177,10157,9020
"해운대구","20~24세",22753,12182,10571
"해운대구","25~29세",23543,12102,11441
"사하구","10~14세",11517,5962,5555
"사하구","15~19세",14599,7639,6960
"사하구","20~24세",20492,10837,9655
"사하구","25~29세",20581,11335,9246
"금정구","10~14세",7864,4117,3747
"금정구","15~19세",11124,5598,5526
"금정구","20~24세",21334,10566,10768
"금정구","25~29세",17467,9875,7592
"강서구","10~14세",6747,3396,3351
"강서구","15~19세",4223,2175,2048
"강서구","20~24세",5121,2950,2171
"강서구","25~29세",8175,4724,3451
"연제구","10~14세",7663,3965,3698
"연제구","15~19세",8203,4182,4021
"연제구","20~24세",12174,6233,5941
"연제구","25~29세",13526,6659,6867
"수영구","10~14세",5138,2640,2498
"수영구","15~19세",5959,3090,2869
"수영구","20~24세",9560,4699,4861
"수영구","25~29세",13673,6582,7091
"사상구","10~14세",6826,3540,3286
"사상구","15~19세",8756,4561,4195
"사상구","20~24세",15776,8104,7672
"사상구","25~29세",16050,8826,7224
"기장군","10~14세",9006,4659,4347
"기장군","15~19세",7734,4116,3618
"기장군","20~24세",7555,4054,3501
"기장군","25~29세",8771,4715,4056
"읍부","10~14세",11665,6010,5655
"읍부","15~19세",10428,5436,4992
"읍부","20~24세",12678,7125,5553
"읍부","25~29세",14861,8213,6648
"면부","10~14세",732,381,351
"면부","15~19세",679,422,257
"면부","20~24세",898,566,332
"면부","25~29세",1473,931,542
"동부","10~14세",92060,47767,44293
"동부","15~19세",109631,57485,52146
"동부","20~24세",151307,79828,71479
"동부","25~29세",146788,79001,67787
"중구","10~14세",2205,1162,1043
"중구","15~19세",2575,1299,1276
"중구","20~24세",5099,2336,2763
"중구","25~29세",6720,3327,3393
"동구","10~14세",12545,6523,6022
"동구","15~19세",13193,7126,6067
"동구","20~24세",18416,9816,8600
"동구","25~29세",21620,11491,10129
"서구","10~14세",4606,2321,2285
"서구","15~19세",6369,3402,2967
"서구","20~24세",10017,5484,4533
"서구","25~29세",11822,6616,5206
"남구","10~14세",3962,2080,1882
"남구","15~19세",5711,2884,2827
"남구","20~24세",10353,5054,5299
"남구","25~29세",11051,5673,5378
"북구","10~14세",19739,10189,9550
"북구","15~19세",24639,12726,11913
"북구","20~24세",36905,19604,17301
"북구","25~29세",31072,17242,13830
"수성구","10~14세",23770,12458,11312
"수성구","15~19세",25854,13847,12007
"수성구","20~24세",27515,14855,12660
"수성구","25~29세",24196,12843,11353
"달서구","10~14세",25233,13034,12199
"달서구","15~19세",31290,16201,15089
"달서구","20~24세",43002,22679,20323
"달서구","25~29세",40307,21809,18498
"달성군","10~14세",12397,6391,6006
"달성군","15~19세",11107,5858,5249
"달성군","20~24세",13576,7691,5885
"달성군","25~29세",16334,9144,7190
"읍부","10~14세",980,478,502
"읍부","15~19세",1211,595,616
"읍부","20~24세",1011,566,445
"읍부","25~29세",1097,612,485
"면부","10~14세",1626,873,753
"면부","15~19세",1601,924,677
"면부","20~24세",2529,1774,755
"면부","25~29세",2879,1907,972
"동부","10~14세",129084,66270,62814
"동부","15~19세",134445,69002,65443
"동부","20~24세",180356,93252,87104
"동부","25~29세",214598,112828,101770
"중구","10~14세",6390,3255,3135
"중구","15~19세",6642,3446,3196
"중구","20~24세",7130,3399,3731
"중구","25~29세",11576,6054,5522
"동구","10~14세",2405,1229,1176
"동구","15~19세",2526,1284,1242
"동구","20~24세",3241,1730,1511
"동구","25~29세",3355,1873,1482
"연수구","10~14세",21399,10981,10418
"연수구","15~19세",21086,10807,10279
"연수구","20~24세",26655,13714,12941
"연수구","25~29세",27710,14380,13330
"남동구","10~14세",24417,12453,11964
"남동구","15~19세",24370,12343,12027
"남동구","20~24세",31535,16240,15295
"남동구","25~29세",39194,20808,18386
"부평구","10~14세",19962,10368,9594
"부평구","15~19세",22217,11516,10701
"부평구","20~24세",30516,15650,14866
"부평구","25~29세",38676,19776,18900
"계양구","10~14세",12120,6215,5905
"계양구","15~19세",13694,6954,6740
"계양구","20~24세",19884,10248,9636
"계양구","25~29세",23269,12037,11232
"서구","10~14세",27768,14176,13592
"서구","15~19세",26324,13492,12832
"서구","20~24세",32176,16769,15407
"서구","25~29세",39391,21036,18355
"미추홀구","10~14세",14623,7593,7030
"미추홀구","15~19세",17586,9160,8426
"미추홀구","20~24세",29219,15502,13717
"미추홀구","25~29세",31427,16864,14563
"강화군","10~14세",2109,1102,1007
"강화군","15~19세",2326,1227,1099
"강화군","20~24세",2349,1362,987
"강화군","25~29세",2682,1592,1090
"옹진군","10~14세",497,249,248
"옹진군","15~19세",486,292,194
"옹진군","20~24세",1191,978,213
"옹진군","25~29세",1294,927,367
"동구","10~14세",3160,1628,1532
"동구","15~19세",4438,2350,2088
"동구","20~24세",9492,5015,4477
"동구","25~29세",8165,4222,3943
"서구","10~14세",14281,7497,6784
"서구","15~19세",15843,8302,7541
"서구","20~24세",21159,10858,10301
"서구","25~29세",22031,11111,10920
"남구","10~14세",10849,5432,5417
"남구","15~19세",11448,5707,5741
"남구","20~24세",14808,7527,7281
"남구","25~29세",13532,6890,6642
"북구","10~14세",19691,10393,9298
"북구","15~19세",23499,12421,11078
"북구","20~24세",34630,18060,16570
"북구","25~29세",32880,17501,15379
"광산구","10~14세",25773,13199,12574
"광산구","15~19세",26549,13618,12931
"광산구","20~24세",33763,17595,16168
"광산구","25~29세",30358,16518,13840
"동구","10~14세",9168,4749,4419
"동구","15~19세",13847,7199,6648
"동구","20~24세",23217,12237,10980
"동구","25~29세",15431,8629,6802
"중구","10~14세",9926,5071,4855
"중구","15~19세",11609,6149,5460
"중구","20~24세",14915,7502,7413
"중구","25~29세",15476,7842,7634
"서구","10~14세",23212,11917,11295
"서구","15~19세",27155,13956,13199
"서구","20~24세",38311,19057,19254
"서구","25~29세",38416,19736,18680
"유성구","10~14세",18838,9645,9193
"유성구","15~19세",21677,11565,10112
"유성구","20~24세",33237,17694,15543
"유성구","25~29세",31631,18185,13446
"대덕구","10~14세",7389,3883,3506
"대덕구","15~19세",9286,4747,4539
"대덕구","20~24세",13556,7342,6214
"대덕구","25~29세",12248,6986,5262
"읍부","10~14세",9949,5149,4800
"읍부","15~19세",9872,5239,4633
"읍부","20~24세",11680,6961,4719
"읍부","25~29세",12024,6967,5057
"면부","10~14세",818,428,390
"면부","15~19세",1172,697,475
"면부","20~24세",1834,1122,712
"면부","25~29세",1900,1302,598
"동부","10~14세",44257,23065,21192
"동부","15~19세",43001,23261,19740
"동부","20~24세",54446,31175,23271
"동부","25~29세",61788,34702,27086
"중구","10~14세",9601,5074,4527
"중구","15~19세",9461,5116,4345
"중구","20~24세",12024,6886,5138
"중구","25~29세",13679,7482,6197
"남구","10~14세",14065,7317,6748
"남구","15~19세",15282,8285,6997
"남구","20~24세",22000,12442,9558
"남구","25~29세",23884,13378,10506
"동구","10~14세",8090,4264,3826
"동구","15~19세",7295,3878,3417
"동구","20~24세",8348,4767,3581
"동구","25~29세",9761,5739,4022
"북구","10~14세",12501,6410,6091
"북구","15~19세",10963,5982,4981
"북구","20~24세",12074,7080,4994
"북구","25~29세",14464,8103,6361
"울주군","10~14세",10767,5577,5190
"울주군","15~19세",11044,5936,5108
"울주군","20~24세",13514,8083,5431
"울주군","25~29세",13924,8269,5655
"읍부","10~14세",2069,1051,1018
"읍부","15~19세",3164,1672,1492
"읍부","20~24세",6527,3379,3148
"읍부","25~29세",3874,2428,1446
"면부","10~14세",1068,531,537
"면부","15~19세",2274,1212,1062
"면부","20~24세",5585,3199,2386
"면부","25~29세",4281,2996,1285
"동부","10~14세",20164,10157,10007
"동부","15~19세",13561,6595,6966
"동부","20~24세",9542,5001,4541
"동부","25~29세",13071,5638,7433
"세종시","10~14세",23301,11739,11562
"세종시","15~19세",18999,9479,9520
"세종시","20~24세",21654,11579,10075
"세종시","25~29세",21226,11062,10164
"읍부","10~14세",74263,38122,36141
"읍부","15~19세",73933,37839,36094
"읍부","20~24세",89199,48984,40215
"읍부","25~29세",100687,59040,41647
"면부","10~14세",23404,12210,11194
"면부","15~19세",33064,17786,15278
"면부","20~24세",46008,27534,18474
"면부","25~29세",62131,41801,20330
"동부","10~14세",542756,278334,264422
"동부","15~19세",547525,280212,267313
"동부","20~24세",712439,368451,343988
"동부","25~29세",817978,430819,387159
"수원시","10~14세",55966,28911,27055
"수원시","15~19세",61253,31818,29435
"수원시","20~24세",87071,45091,41980
"수원시","25~29세",102107,54550,47557
"장안구","10~14세",13051,6717,6334
"장안구","15~19세",15827,8587,7240
"장안구","20~24세",23412,12772,10640
"장안구","25~29세",22391,12548,9843
"권선구","10~14세",16124,8316,7808
"권선구","15~19세",16432,8568,7864
"권선구","20~24세",23655,12133,11522
"권선구","25~29세",29910,15590,14320
"팔달구","10~14세",6111,3172,2939
"팔달구","15~19세",7483,3821,3662
"팔달구","20~24세",12238,6137,6101
"팔달구","25~29세",16735,8973,7762
"영통구","10~14세",20680,10706,9974
"영통구","15~19세",21511,10842,10669
"영통구","20~24세",27766,14049,13717
"영통구","25~29세",33071,17439,15632
"성남시","10~14세",40191,20561,19630
"성남시","15~19세",43427,22161,21266
"성남시","20~24세",57930,29110,28820
"성남시","25~29세",70380,36315,34065
"수정구","10~14세",7998,4042,3956
"수정구","15~19세",9710,4996,4714
"수정구","20~24세",17096,8617,8479
"수정구","25~29세",20003,10719,9284
"중원구","10~14세",7414,3813,3601
"중원구","15~19세",8630,4437,4193
"중원구","20~24세",13120,6527,6593
"중원구","25~29세",17470,9221,8249
"분당구","10~14세",24779,12706,12073
"분당구","15~19세",25087,12728,12359
"분당구","20~24세",27714,13966,13748
"분당구","25~29세",32907,16375,16532
"의정부시","10~14세",19490,10069,9421
"의정부시","15~19세",21445,11021,10424
"의정부시","20~24세",29635,14916,14719
"의정부시","25~29세",32438,16470,15968
"안양시","10~14세",23978,12487,11491
"안양시","15~19세",26626,13674,12952
"안양시","20~24세",35752,18335,17417
"안양시","25~29세",39787,20651,19136
"만안구","10~14세",8348,4383,3965
"만안구","15~19세",10127,5230,4897
"만안구","20~24세",16156,8151,8005
"만안구","25~29세",18535,9764,8771
"동안구","10~14세",15630,8104,7526
"동안구","15~19세",16499,8444,8055
"동안구","20~24세",19596,10184,9412
"동안구","25~29세",21252,10887,10365
"부천시","10~14세",32907,16900,16007
"부천시","15~19세",36219,18379,17840
"부천시","20~24세",52859,26996,25863
"부천시","25~29세",63852,33033,30819
"광명시","10~14세",14553,7402,7151
"광명시","15~19세",15065,7816,7249
"광명시","20~24세",17684,9219,8465
"광명시","25~29세",19233,10125,9108
"평택시","10~14세",26306,13536,12770
"평택시","15~19세",25614,13339,12275
"평택시","20~24세",33862,18184,15678
"평택시","25~29세",41736,23564,18172
"동두천시","10~14세",4147,2054,2093
"동두천시","15~19세",4314,2195,2119
"동두천시","20~24세",5509,2932,2577
"동두천시","25~29세",5998,3318,2680
"안산시","10~14세",29215,15096,14119
"안산시","15~19세",36545,18750,17795
"안산시","20~24세",54100,28608,25492
"안산시","25~29세",60614,33476,27138
"상록구","10~14세",15028,7734,7294
"상록구","15~19세",19292,9809,9483
"상록구","20~24세",29441,15455,13986
"상록구","25~29세",30566,16571,13995
"단원구","10~14세",14187,7362,6825
"단원구","15~19세",17253,8941,8312
"단원구","20~24세",24659,13153,11506
"단원구","25~29세",30048,16905,13143
"고양시","10~14세",48005,24636,23369
"고양시","15~19세",51448,26126,25322
"고양시","20~24세",65259,33624,31635
"고양시","25~29세",74686,37820,36866
"덕양구","10~14세",19350,9912,9438
"덕양구","15~19세",20009,10176,9833
"덕양구","20~24세",27159,14246,12913
"덕양구","25~29세",32274,16549,15725
"일산동구","10~14세",13285,6901,6384
"일산동구","15~19세",14862,7538,7324
"일산동구","20~24세",19069,9567,9502
"일산동구","25~29세",22639,11369,11270
"일산서구","10~14세",15370,7823,7547
"일산서구","15~19세",16577,8412,8165
"일산서구","20~24세",19031,9811,9220
"일산서구","25~29세",19773,9902,9871
"과천시","10~14세",2756,1413,1343
"과천시","15~19세",3008,1569,1439
"과천시","20~24세",3809,2031,1778
"과천시","25~29세",3982,2057,1925
"구리시","10~14세",8404,4360,4044
"구리시","15~19세",8909,4527,4382
"구리시","20~24세",12324,6269,6055
"구리시","25~29세",13724,7084,6640
"남양주시","10~14세",38164,19639,18525
"남양주시","15~19세",35900,18309,17591
"남양주시","20~24세",40887,21434,19453
"남양주시","25~29세",40820,21504,19316
"오산시","10~14세",12953,6641,6312
"오산시","15~19세",11764,5926,5838
"오산시","20~24세",13967,7314,6653
"오산시","25~29세",17745,9828,7917
"시흥시","10~14세",24981,12702,12279
"시흥시","15~19세",24649,12865,11784
"시흥시","20~24세",33730,18320,15410
"시흥시","25~29세",40033,22716,17317
"군포시","10~14세",12311,6366,5945
"군포시","15~19세",13327,6844,6483
"군포시","20~24세",17142,8914,8228
"군포시","25~29세",20277,10615,9662
"의왕시","10~14세",6666,3429,3237
"의왕시","15~19세",7935,3944,3991
"의왕시","20~24세",10871,5582,5289
"의왕시","25~29세",11866,6350,5516
"하남시","10~14세",12879,6601,6278
"하남시","15~19세",10529,5348,5181
"하남시","20~24세",13891,7057,6834
"하남시","25~29세",19688,10023,9665
"용인시","10~14세",59099,30330,28769
"용인시","15~19세",59716,30808,28908
"용인시","20~24세",73380,37642,35738
"용인시","25~29세",68523,36720,31803
"처인구","10~14세",12060,6280,5780
"처인구","15~19세",15726,8380,7346
"처인구","20~24세",21116,11243,9873
"처인구","25~29세",19262,11314,7948
"기흥구","10~14세",25013,12836,12177
"기흥구","15~19세",23241,11914,11327
"기흥구","20~24세",29349,15020,14329
"기흥구","25~29세",27446,14520,12926
"수지구","10~14세",22026,11214,10812
"수지구","15~19세",20749,10514,10235
"수지구","20~24세",22915,11379,11536
"수지구","25~29세",21815,10886,10929
"파주시","10~14세",24344,12403,11941
"파주시","15~19세",22915,11798,11117
"파주시","20~24세",24927,13803,11124
"파주시","25~29세",31706,17389,14317
"이천시","10~14세",10636,5489,5147
"이천시","15~19세",12754,6668,6086
"이천시","20~24세",14691,7901,6790
"이천시","25~29세",19197,11458,7739
"안성시","10~14세",8791,4521,4270
"안성시","15~19세",10614,5488,5126
"안성시","20~24세",14380,7727,6653
"안성시","25~29세",14164,8590,5574
"김포시","10~14세",25177,12870,12307
"김포시","15~19세",19798,10001,9797
"김포시","20~24세",22649,12437,10212
"김포시","25~29세",30801,17484,13317
"화성시","10~14세",52160,26551,25609
"화성시","15~19세",41730,21139,20591
"화성시","20~24세",48308,26301,22007
"화성시","25~29세",65594,38522,27072
"광주시","10~14세",16336,8300,8036
"광주시","15~19세",16322,8247,8075
"광주시","20~24세",21858,11951,9907
"광주시","25~29세",25927,14397,11530
"양주시","10~14세",11715,5918,5797
"양주시","15~19세",11575,5954,5621
"양주시","20~24세",13755,7590,6165
"양주시","25~29세",14864,8451,6413
"포천시","10~14세",5512,2900,2612
"포천시","15~19세",6599,3462,3137
"포천시","20~24세",10672,6305,4367
"포천시","25~29세",12640,8349,4291
"여주시","10~14세",4470,2310,2160
"여주시","15~19세",5260,2715,2545
"여주시","20~24세",6712,3570,3142
"여주시","25~29세",6889,4002,2887
"연천군","10~14세",1427,748,679
"연천군","15~19세",1541,827,714
"연천군","20~24세",2268,1468,800
"연천군","25~29세",3091,2056,1035
"가평군","10~14세",2284,1160,1124
"가평군","15~19세",2649,1367,1282
"가평군","20~24세",2806,1587,1219
"가평군","25~29세",3130,1820,1310
"양평군","10~14세",4600,2363,2237
"양평군","15~19세",5072,2752,2320
"양평군","20~24세",4958,2751,2207
"양평군","25~29세",5304,2923,2381
"읍부","10~14세",10189,5306,4883
"읍부","15~19세",12223,6337,5886
"읍부","20~24세",15241,8807,6434
"읍부","25~29세",14173,8607,5566
"면부","10~14세",10800,5505,5295
"면부","15~19세",12342,6640,5702
"면부","20~24세",18599,11430,7169
"면부","25~29세",18331,11382,6949
"동부","10~14세",42330,21917,20413
"동부","15~19세",48169,25561,22608
"동부","20~24세",65346,35891,29455
"동부","25~29세",56662,31139,25523
"춘천시","10~14세",12562,6481,6081
"춘천시","15~19세",15146,7959,7187
"춘천시","20~24세",22096,11507,10589
"춘천시","25~29세",19095,10358,8737
"원주시","10~14세",17207,8854,8353
"원주시","15~19세",18437,9625,8812
"원주시","20~24세",24667,12946,11721
"원주시","25~29세",22886,12292,10594
"강릉시","10~14세",8650,4563,4087
"강릉시","15~19세",11764,6300,5464
"강릉시","20~24세",17890,10116,7774
"강릉시","25~29세",12698,7294,5404
"동해시","10~14세",4102,2124,1978
"동해시","15~19세",3991,2112,1879
"동해시","20~24세",4022,2562,1460
"동해시","25~29세",4230,2477,1753
"태백시","10~14세",1809,917,892
"태백시","15~19세",1821,982,839
"태백시","20~24세",1811,1079,732
"태백시","25~29세",1497,811,686
"속초시","10~14세",3379,1719,1660
"속초시","15~19세",3403,1811,1592
"속초시","20~24세",3791,2199,1592
"속초시","25~29세",4372,2506,1866
"삼척시","10~14세",2259,1164,1095
"삼척시","15~19세",3374,1891,1483
"삼척시","20~24세",5913,3559,2354
"삼척시","25~29세",3219,1997,1222
"홍천군","10~14세",2299,1170,1129
"홍천군","15~19세",2650,1368,1282
"홍천군","20~24세",3109,1872,1237
"홍천군","25~29세",3400,2095,1305
"횡성군","10~14세",1424,732,692
"횡성군","15~19세",2079,1099,980
"횡성군","20~24세",2077,1201,876
"횡성군","25~29세",1790,1030,760
"영월군","10~14세",1116,582,534
"영월군","15~19세",1485,829,656
"영월군","20~24세",1549,908,641
"영월군","25~29세",1315,776,539
"평창군","10~14세",1298,686,612
"평창군","15~19세",1272,686,586
"평창군","20~24세",1466,858,608
"평창군","25~29세",1525,875,650
"정선군","10~14세",1203,612,591
"정선군","15~19세",1125,590,535
"정선군","20~24세",1145,698,447
"정선군","25~29세",1217,688,529
"철원군","10~14세",1731,917,814
"철원군","15~19세",1716,908,808
"철원군","20~24세",2412,1622,790
"철원군","25~29세",3155,2078,1077
"화천군","10~14세",833,409,424
"화천군","15~19세",795,406,389
"화천군","20~24세",1545,1106,439
"화천군","25~29세",2098,1470,628
"양구군","10~14세",824,420,404
"양구군","15~19세",1050,519,531
"양구군","20~24세",1199,854,345
"양구군","25~29세",1642,1094,548
"인제군","10~14세",1140,586,554
"인제군","15~19세",878,484,394
"인제군","20~24세",1507,1054,453
"인제군","25~29세",2208,1453,755
"고성군","10~14세",677,371,306
"고성군","15~19세",877,502,375
"고성군","20~24세",1967,1376,591
"고성군","25~29세",1692,1155,537
"양양군","10~14세",806,421,385
"양양군","15~19세",871,467,404
"양양군","20~24세",1020,611,409
"양양군","25~29세",1127,679,448
"읍부","10~14세",17051,8831,8220
"읍부","15~19세",16826,8922,7904
"읍부","20~24세",20711,11717,8994
"읍부","25~29세",23076,13650,9426
"면부","10~14세",8770,4596,4174
"면부","15~19세",11193,6134,5059
"면부","20~24세",18614,11343,7271
"면부","25~29세",19453,12737,6716
"동부","10~14세",45585,23522,22063
"동부","15~19세",52330,27245,25085
"동부","20~24세",73346,39191,34155
"동부","25~29세",68083,38105,29978
"충주시","10~14세",8890,4555,4335
"충주시","15~19세",10682,5596,5086
"충주시","20~24세",16672,9590,7082
"충주시","25~29세",14963,9254,5709
"제천시","10~14세",5385,2756,2629
"제천시","15~19세",6983,3629,3354
"제천시","20~24세",10153,5460,4693
"제천시","25~29세",7034,4091,2943
"청주시","10~14세",41559,21514,20045
"청주시","15~19세",45313,23708,21605
"청주시","20~24세",62452,33300,29152
"청주시","25~29세",65055,36391,28664
"상당구","10~14세",9162,4760,4402
"상당구","15~19세",9985,5386,4599
"상당구","20~24세",11574,6380,5194
"상당구","25~29세",11516,6232,5284
"서원구","10~14세",9511,4933,4578
"서원구","15~19세",11773,6144,5629
"서원구","20~24세",18089,9607,8482
"서원구","25~29세",14874,8371,6503
"흥덕구","10~14세",12882,6698,6184
"흥덕구","15~19세",13623,7011,6612
"흥덕구","20~24세",19266,10008,9258
"흥덕구","25~29세",23861,13199,10662
"청원구","10~14세",10004,5123,4881
"청원구","15~19세",9932,5167,4765
"청원구","20~24세",13523,7305,6218
"청원구","25~29세",14804,8589,6215
"보은군","10~14세",946,524,422
"보은군","15~19세",1111,595,516
"보은군","20~24세",1194,740,454
"보은군","25~29세",1130,679,451
"옥천군","10~14세",1818,945,873
"옥천군","15~19세",1845,1019,826
"옥천군","20~24세",2310,1357,953
"옥천군","25~29세",1970,1146,824
"영동군","10~14세",1480,795,685
"영동군","15~19세",1997,1084,913
"영동군","20~24세",3219,1948,1271
"영동군","25~29세",1904,1149,755
"진천군","10~14세",4155,2168,1987
"진천군","15~19세",4045,2159,1886
"진천군","20~24세",4798,2856,1942
"진천군","25~29세",6050,3811,2239
"괴산군","10~14세",923,445,478
"괴산군","15~19세",1539,893,646
"괴산군","20~24세",2716,1650,1066
"괴산군","25~29세",1613,1018,595
"음성군","10~14세",3706,1914,1792
"음성군","15~19세",4172,2245,1927
"음성군","20~24세",5845,3532,2313
"음성군","25~29세",7372,4867,2505
"단양군","10~14세",876,458,418
"단양군","15~19세",1024,560,464
"단양군","20~24세",958,590,368
"단양군","25~29세",1014,574,440
"증평군","10~14세",1668,875,793
"증평군","15~19세",1638,813,825
"증평군","20~24세",2354,1228,1126
"증평군","25~29세",2507,1512,995
"읍부","10~14세",24368,12669,11699
"읍부","15~19세",26634,13871,12763
"읍부","20~24세",30370,16937,13433
"읍부","25~29세",28244,16511,11733
"면부","10~14세",20757,10828,9929
"면부","15~19세",24024,12687,11337
"면부","20~24세",35667,20610,15057
"면부","25~29세",33820,21931,11889
"동부","10~14세",54691,28247,26444
"동부","15~19세",56373,29127,27246
"동부","20~24세",72771,37311,35460
"동부","25~29세",73388,39189,34199
"천안시","10~14세",33598,17473,16125
"천안시","15~19세",36766,18706,18060
"천안시","20~24세",52798,26894,25904
"천안시","25~29세",53900,29047,24853
"동남구","10~14세",12700,6590,6110
"동남구","15~19세",16054,8222,7832
"동남구","20~24세",23310,11618,11692
"동남구","25~29세",19551,10867,8684
"서북구","10~14세",20898,10883,10015
"서북구","15~19세",20712,10484,10228
"서북구","20~24세",29488,15276,14212
"서북구","25~29세",34349,18180,16169
"공주시","10~14세",3729,1910,1819
"공주시","15~19세",6231,3428,2803
"공주시","20~24세",8191,3970,4221
"공주시","25~29세",5924,3450,2474
"보령시","10~14세",3869,1981,1888
"보령시","15~19세",3765,2062,1703
"보령시","20~24세",4850,3068,1782
"보령시","25~29세",4990,3131,1859
"아산시","10~14세",18244,9393,8851
"아산시","15~19세",17561,8809,8752
"아산시","20~24세",23243,12600,10643
"아산시","25~29세",22636,13368,9268
"서산시","10~14세",8669,4492,4177
"서산시","15~19세",8003,4368,3635
"서산시","20~24세",9183,5343,3840
"서산시","25~29세",10266,6247,4019
"논산시","10~14세",4677,2399,2278
"논산시","15~19세",6071,3346,2725
"논산시","20~24세",6963,3851,3112
"논산시","25~29세",6574,3631,2943
"계룡시","10~14세",2983,1581,1402
"계룡시","15~19세",2641,1339,1302
"계룡시","20~24세",2303,1341,962
"계룡시","25~29세",1893,1068,825
"당진시","10~14세",8170,4306,3864
"당진시","15~19세",7151,3833,3318
"당진시","20~24세",8120,4661,3459
"당진시","25~29세",9306,5774,3532
"금산군","10~14세",2090,1102,988
"금산군","15~19세",2848,1459,1389
"금산군","20~24세",4088,2169,1919
"금산군","25~29세",2441,1355,1086
"부여군","10~14세",2055,1085,970
"부여군","15~19세",2375,1305,1070
"부여군","20~24세",3035,1698,1337
"부여군","25~29세",2615,1552,1063
"서천군","10~14세",1498,769,729
"서천군","15~19세",1859,964,895
"서천군","20~24세",1849,1152,697
"서천군","25~29세",2091,1302,789
"청양군","10~14세",837,433,404
"청양군","15~19세",1054,556,498
"청양군","20~24세",1401,790,611
"청양군","25~29세",1214,718,496
"홍성군","10~14세",4779,2423,2356
"홍성군","15~19세",5370,2683,2687
"홍성군","20~24세",6385,3436,2949
"홍성군","25~29세",5293,3097,2196
"예산군","10~14세",2583,1323,1260
"예산군","15~19세",3209,1709,1500
"예산군","20~24세",3708,2120,1588
"예산군","25~29세",3609,2195,1414
"태안군","10~14세",2035,1074,961
"태안군","15~19세",2127,1118,1009
"태안군","20~24세",2691,1765,926
"태안군","25~29세",2700,1696,1004
"읍부","10~14세",7432,3839,3593
"읍부","15~19세",8652,4654,3998
"읍부","20~24세",10016,5852,4164
"읍부","25~29세",7903,4362,3541
"면부","10~14세",9201,4860,4341
"면부","15~19세",10698,5921,4777
"면부","20~24세",14231,8386,5845
"면부","25~29세",14236,8568,5668
"동부","10~14세",63782,32871,30911
"동부","15~19세",74461,38906,35555
"동부","20~24세",99725,54101,45624
"동부","25~29세",83288,44788,38500
"전주시","10~14세",33296,17266,16030
"전주시","15~19세",39317,20380,18937
"전주시","20~24세",54371,28757,25614
"전주시","25~29세",46183,24399,21784
"완산구","10~14세",16003,8335,7668
"완산구","15~19세",21064,11065,9999
"완산구","20~24세",27669,14273,13396
"완산구","25~29세",23693,12256,11437
"덕진구","10~14세",17293,8931,8362
"덕진구","15~19세",18253,9315,8938
"덕진구","20~24세",26702,14484,12218
"덕진구","25~29세",22490,12143,10347
"군산시","10~14세",12633,6488,6145
"군산시","15~19세",13685,7197,6488
"군산시","20~24세",17954,10132,7822
"군산시","25~29세",14991,8497,6494
"익산시","10~14세",12313,6274,6039
"익산시","15~19세",16111,8624,7487
"익산시","20~24세",22908,12707,10201
"익산시","25~29세",18232,10179,8053
"정읍시","10~14세",4236,2280,1956
"정읍시","15~19세",4808,2527,2281
"정읍시","20~24세",5938,3369,2569
"정읍시","25~29세",5089,2906,2183
"남원시","10~14세",3204,1673,1531
"남원시","15~19세",3411,1778,1633
"남원시","20~24세",3462,2073,1389
"남원시","25~29세",3389,1814,1575
"김제시","10~14세",2812,1446,1366
"김제시","15~19세",3017,1588,1429
"김제시","20~24세",3498,2036,1462
"김제시","25~29세",3741,2171,1570
"완주군","10~14세",4255,2190,2065
"완주군","15~19세",5133,2761,2372
"완주군","20~24세",7417,4353,3064
"완주군","25~29세",5224,3003,2221
"진안군","10~14세",710,370,340
"진안군","15~19세",744,399,345
"진안군","20~24세",880,511,369
"진안군","25~29세",841,466,375
"무주군","10~14세",827,414,413
"무주군","15~19세",819,428,391
"무주군","20~24세",722,420,302
"무주군","25~29세",830,430,400
"장수군","10~14세",758,387,371
"장수군","15~19세",711,377,334
"장수군","20~24세",767,455,312
"장수군","25~29세",810,471,339
"임실군","10~14세",773,392,381
"임실군","15~19세",896,479,417
"임실군","20~24세",1272,705,567
"임실군","25~29세",1064,617,447
"순창군","10~14세",1024,531,493
"순창군","15~19세",1000,512,488
"순창군","20~24세",931,548,383
"순창군","25~29세",951,486,465
"고창군","10~14세",1992,1053,939
"고창군","15~19세",2382,1445,937
"고창군","20~24세",1921,1141,780
"고창군","25~29세",2067,1130,937
"부안군","10~14세",1582,806,776
"부안군","15~19세",1777,986,791
"부안군","20~24세",1931,1132,799
"부안군","25~29세",2015,1149,866
"읍부","10~14세",20853,10725,10128
"읍부","15~19세",22693,12039,10654
"읍부","20~24세",24238,14103,10135
"읍부","25~29세",22854,12816,10038
"면부","10~14세",16154,8454,7700
"면부","15~19세",17817,9912,7905
"면부","20~24세",23108,14322,8786
"면부","25~29세",24169,14819,9350
"동부","10~14세",39870,20482,19388
"동부","15~19세",41731,22116,19615
"동부","20~24세",50294,28906,21388
"동부","25~29세",49731,27666,22065
"목포시","10~14세",11804,6055,5749
"목포시","15~19세",12075,6430,5645
"목포시","20~24세",14892,8553,6339
"목포시","25~29세",12357,6613,5744
"여수시","10~14세",11918,6111,5807
"여수시","15~19세",12602,6885,5717
"여수시","20~24세",15129,9214,5915
"여수시","25~29세",16557,9817,6740
"순천시","10~14세",14049,7274,6775
"순천시","15~19세",14699,7944,6755
"순천시","20~24세",17707,9790,7917
"순천시","25~29세",17365,9384,7981
"나주시","10~14세",4602,2386,2216
"나주시","15~19세",5090,2631,2459
"나주시","20~24세",6120,3331,2789
"나주시","25~29세",6941,3736,3205
"광양시","10~14세",7489,3876,3613
"광양시","15~19세",7241,3882,3359
"광양시","20~24세",8208,4997,3211
"광양시","25~29세",9069,5294,3775
"담양군","10~14세",1225,630,595
"담양군","15~19세",2150,1149,1001
"담양군","20~24세",2498,1602,896
"담양군","25~29세",2277,1275,1002
"곡성군","10~14세",790,431,359
"곡성군","15~19세",1479,816,663
"곡성군","20~24세",1642,927,715
"곡성군","25~29세",1146,657,489
"구례군","10~14세",754,399,355
"구례군","15~19세",745,398,347
"구례군","20~24세",851,482,369
"구례군","25~29세",815,414,401
"고흥군","10~14세",1627,862,765
"고흥군","15~19세",1689,933,756
"고흥군","20~24세",1902,1173,729
"고흥군","25~29세",1944,1210,734
"보성군","10~14세",1172,567,605
"보성군","15~19세",1356,702,654
"보성군","20~24세",1372,835,537
"보성군","25~29세",1231,668,563
"화순군","10~14세",2448,1286,1162
"화순군","15~19세",2994,1537,1457
"화순군","20~24세",3423,1914,1509
"화순군","25~29세",2909,1556,1353
"장흥군","10~14세",1177,615,562
"장흥군","15~19세",1217,684,533
"장흥군","20~24세",1423,839,584
"장흥군","25~29세",1340,735,605
"강진군","10~14세",1225,630,595
"강진군","15~19세",1302,729,573
"강진군","20~24세",1332,790,542
"강진군","25~29세",1294,739,555
"해남군","10~14세",2243,1166,1077
"해남군","15~19세",2195,1161,1034
"해남군","20~24세",2600,1546,1054
"해남군","25~29세",2626,1519,1107
"영암군","10~14세",2025,1049,976
"영암군","15~19세",2459,1332,1127
"영암군","20~24세",3592,2169,1423
"영암군","25~29세",3183,2097,1086
"무안군","10~14세",4645,2376,2269
"무안군","15~19세",4747,2455,2292
"무안군","20~24세",6158,3550,2608
"무안군","25~29세",4456,2448,2008
"함평군","10~14세",950,497,453
"함평군","15~19세",1296,666,630
"함평군","20~24세",1205,734,471
"함평군","25~29세",1192,743,449
"영광군","10~14세",1896,966,930
"영광군","15~19세",2035,1074,961
"영광군","20~24세",2087,1299,788
"영광군","25~29세",2368,1321,1047
"장성군","10~14세",1456,767,689
"장성군","15~19세",1740,977,763
"장성군","20~24세",1734,1046,688
"장성군","25~29세",2339,1475,864
"완도군","10~14세",1643,848,795
"완도군","15~19세",1437,780,657
"완도군","20~24세",1670,1125,545
"완도군","25~29세",2397,1627,770
"진도군","10~14세",965,499,466
"진도군","15~19세",883,454,429
"진도군","20~24세",1086,739,347
"진도군","25~29세",1592,1116,476
"신안군","10~14세",774,371,403
"신안군","15~19세",810,448,362
"신안군","20~24세",1009,676,333
"신안군","25~29세",1356,857,499
"읍부","10~14세",25864,13502,12362
"읍부","15~19세",30196,15870,14326
"읍부","20~24세",40738,22930,17808
"읍부","25~29세",34577,20683,13894
"면부","10~14세",14591,7762,6829
"면부","15~19세",16052,8890,7162
"면부","20~24세",22623,13889,8734
"면부","25~29세",25938,16081,9857
"동부","10~14세",66260,34382,31878
"동부","15~19세",74074,40145,33929
"동부","20~24세",95075,53720,41355
"동부","25~29세",88582,49706,38876
"포항시","10~14세",22488,11655,10833
"포항시","15~19세",22903,12373,10530
"포항시","20~24세",28302,16284,12018
"포항시","25~29세",28785,16985,11800
"남구","10~14세",10307,5337,4970
"남구","15~19세",10509,5896,4613
"남구","20~24세",12203,7462,4741
"남구","25~29세",14118,8661,5457
"북구","10~14세",12181,6318,5863
"북구","15~19세",12394,6477,5917
"북구","20~24세",16099,8822,7277
"북구","25~29세",14667,8324,6343
"경주시","10~14세",9792,5043,4749
"경주시","15~19세",11274,6031,5243
"경주시","20~24세",17398,9819,7579
"경주시","25~29세",15142,8948,6194
"김천시","10~14세",5486,2910,2576
"김천시","15~19세",6352,3488,2864
"김천시","20~24세",7803,4269,3534
"김천시","25~29세",7447,4269,3178
"안동시","10~14세",6376,3344,3032
"안동시","15~19세",7967,4146,3821
"안동시","20~24세",10122,5436,4686
"안동시","25~29세",8283,4609,3674
"구미시","10~14세",21995,11444,10551
"구미시","15~19세",23253,12693,10560
"구미시","20~24세",27503,16268,11235
"구미시","25~29세",29812,16303,13509
"영주시","10~14세",4118,2115,2003
"영주시","15~19세",5613,3224,2389
"영주시","20~24세",6206,3708,2498
"영주시","25~29세",4400,2599,1801
"영천시","10~14세",3071,1666,1405
"영천시","15~19세",3278,1755,1523
"영천시","20~24세",5095,3195,1900
"영천시","25~29세",5403,3305,2098
"상주시","10~14세",3387,1760,1627
"상주시","15~19세",4082,2267,1815
"상주시","20~24세",4945,3032,1913
"상주시","25~29세",3799,2234,1565
"문경시","10~14세",2442,1332,1110
"문경시","15~19세",2782,1529,1253
"문경시","20~24세",2930,1667,1263
"문경시","25~29세",2535,1422,1113
"경산시","10~14세",10762,5532,5230
"경산시","15~19세",15935,8178,7757
"경산시","20~24세",28618,14882,13736
"경산시","25~29세",20771,12124,8647
"군위군","10~14세",435,246,189
"군위군","15~19세",475,259,216
"군위군","20~24세",702,446,256
"군위군","25~29세",818,536,282
"의성군","10~14세",1001,526,475
"의성군","15~19세",1028,562,466
"의성군","20~24세",1290,771,519
"의성군","25~29세",1629,961,668
"청송군","10~14세",544,297,247
"청송군","15~19세",519,284,235
"청송군","20~24세",705,404,301
"청송군","25~29세",825,518,307
"영양군","10~14세",437,227,210
"영양군","15~19세",374,187,187
"영양군","20~24세",404,244,160
"영양군","25~29세",528,283,245
"영덕군","10~14세",941,473,468
"영덕군","15~19세",848,451,397
"영덕군","20~24세",1005,653,352
"영덕군","25~29세",1328,838,490
"청도군","10~14세",998,519,479
"청도군","15~19세",1493,804,689
"청도군","20~24세",1388,823,565
"청도군","25~29세",1639,936,703
"고령군","10~14세",947,499,448
"고령군","15~19세",962,523,439
"고령군","20~24세",1429,892,537
"고령군","25~29세",1478,976,502
"성주군","10~14세",960,533,427
"성주군","15~19세",1069,586,483
"성주군","20~24세",1555,984,571
"성주군","25~29세",2139,1386,753
"칠곡군","10~14세",5600,2912,2688
"칠곡군","15~19세",5534,3053,2481
"칠곡군","20~24세",6456,3885,2571
"칠곡군","25~29세",6607,3779,2828
"예천군","10~14세",2238,1175,1063
"예천군","15~19세",1789,921,868
"예천군","20~24세",1782,1071,711
"예천군","25~29세",2033,1129,904
"봉화군","10~14세",816,424,392
"봉화군","15~19세",864,464,400
"봉화군","20~24세",816,489,327
"봉화군","25~29세",882,503,379
"울진군","10~14세",1655,906,749
"울진군","15~19세",1763,1047,716
"울진군","20~24세",1709,1136,573
"울진군","25~29세",2360,1527,833
"울릉군","10~14세",226,108,118
"울릉군","15~19세",165,80,85
"울릉군","20~24세",273,181,92
"울릉군","25~29세",454,300,154
"읍부","10~14세",26505,13735,12770
"읍부","15~19세",25198,13538,11660
"읍부","20~24세",27346,15750,11596
"읍부","25~29세",27358,14858,12500
"면부","10~14세",23285,12065,11220
"면부","15~19세",21754,11752,10002
"면부","20~24세",26502,16456,10046
"면부","25~29세",32557,20364,12193
"동부","10~14세",107994,55881,52113
"동부","15~19세",108983,58150,50833
"동부","20~24세",134963,76178,58785
"동부","25~29세",134568,74783,59785
"진주시","10~14세",16967,8857,8110
"진주시","15~19세",18501,9958,8543
"진주시","20~24세",26783,14709,12074
"진주시","25~29세",22795,12771,10024
"통영시","10~14세",6591,3406,3185
"통영시","15~19세",5436,2911,2525
"통영시","20~24세",5661,3542,2119
"통영시","25~29세",5802,3454,2348
"사천시","10~14세",5218,2650,2568
"사천시","15~19세",4531,2509,2022
"사천시","20~24세",4689,3009,1680
"사천시","25~29세",5749,3628,2121
"김해시","10~14세",30015,15408,14607
"김해시","15~19세",29385,15450,13935
"김해시","20~24세",36143,20342,15801
"김해시","25~29세",36002,20274,15728
"밀양시","10~14세",3608,1868,1740
"밀양시","15~19세",3990,2203,1787
"밀양시","20~24세",5089,2759,2330
"밀양시","25~29세",5160,2864,2296
"거제시","10~14세",14400,7459,6941
"거제시","15~19세",11957,6501,5456
"거제시","20~24세",11624,7118,4506
"거제시","25~29세",12209,6993,5216
"양산시","10~14세",17130,8754,8376
"양산시","15~19세",16513,8509,8004
"양산시","20~24세",19300,10654,8646
"양산시","25~29세",21599,11563,10036
"창원시","10~14세",48038,24894,23144
"창원시","15~19세",47937,25648,22289
"창원시","20~24세",61409,34793,26616
"창원시","25~29세",66399,37087,29312
"의창구","10~14세",11222,5807,5415
"의창구","15~19세",11698,6301,5397
"의창구","20~24세",17364,9724,7640
"의창구","25~29세",18748,10478,8270
"성산구","10~14세",10669,5601,5068
"성산구","15~19세",11327,6188,5139
"성산구","20~24세",14182,8299,5883
"성산구","25~29세",16971,9539,7432
"마산합포구","10~14세",6575,3377,3198
"마산합포구","15~19세",7073,3687,3386
"마산합포구","20~24세",9413,5307,4106
"마산합포구","25~29세",9341,5189,4152
"마산회원구","10~14세",8677,4543,4134
"마산회원구","15~19세",9025,4737,4288
"마산회원구","20~24세",11261,6148,5113
"마산회원구","25~29세",10924,5902,5022
"진해구","10~14세",10895,5566,5329
"진해구","15~19세",8814,4735,4079
"진해구","20~24세",9189,5315,3874
"진해구","25~29세",10415,5979,4436
"의령군","10~14세",662,347,315
"의령군","15~19세",751,403,348
"의령군","20~24세",947,554,393
"의령군","25~29세",1079,636,443
"함안군","10~14세",2913,1524,1389
"함안군","15~19세",2799,1505,1294
"함안군","20~24세",2895,1843,1052
"함안군","25~29세",3358,2210,1148
"창녕군","10~14세",1850,991,859
"창녕군","15~19세",2180,1182,998
"창녕군","20~24세",2476,1531,945
"창녕군","25~29세",2965,1802,1163
"고성군","10~14세",1847,1002,845
"고성군","15~19세",2167,1251,916
"고성군","20~24세",1833,1139,694
"고성군","25~29세",1939,1188,751
"남해군","10~14세",1303,703,600
"남해군","15~19세",1696,910,786
"남해군","20~24세",1650,1122,528
"남해군","25~29세",1504,984,520
"하동군","10~14세",1315,711,604
"하동군","15~19세",1198,652,546
"하동군","20~24세",1457,955,502
"하동군","25~29세",1479,849,630
"산청군","10~14세",976,534,442
"산청군","15~19세",1226,610,616
"산청군","20~24세",1054,618,436
"산청군","25~29세",1204,661,543
"함양군","10~14세",1358,712,646
"함양군","15~19세",1310,713,597
"함양군","20~24세",1299,802,497
"함양군","25~29세",1354,769,585
"거창군","10~14세",2516,1291,1225
"거창군","15~19세",3206,1889,1317
"거창군","20~24세",3098,2046,1052
"거창군","25~29세",2442,1416,1026
"합천군","10~14세",1077,570,507
"합천군","15~19세",1152,636,516
"합천군","20~24세",1404,848,556
"합천군","25~29세",1444,856,588
"읍부","10~14세",6923,3555,3368
"읍부","15~19세",6445,3432,3013
"읍부","20~24세",7472,4412,3060
"읍부","25~29세",8697,5173,3524
"면부","10~14세",1333,713,620
"면부","15~19세",1105,581,524
"면부","20~24세",1669,939,730
"면부","25~29세",1984,1199,785
"동부","10~14세",26482,13717,12765
"동부","15~19세",25729,13599,12130
"동부","20~24세",30777,16399,14378
"동부","25~29세",32813,17060,15753
"제주시","10~14세",25952,13454,12498
"제주시","15~19세",25636,13578,12058
"제주시","20~24세",31396,16987,14409
"제주시","25~29세",33467,17870,15597
"서귀포시","10~14세",8786,4531,4255
"서귀포시","15~19세",7643,4034,3609
"서귀포시","20~24세",8522,4763,3759
"서귀포시","25~29세",10027,5562,4465
